module_name,direct_dependents
rules_cc,769
platforms,606
bazel_skylib,561
rules_license,184
rules_python,155
protobuf,129
rules_shell,121
rules_go,93
zlib,86
googletest,77
gazelle,73
rules_java,68
bazel_features,66
bazel_lib,65
rules_proto,62
abseil-cpp,57
package_metadata,49
apple_support,48
rules_cc_autoconf,45
aspect_bazel_lib,44
rules_rust,36
openssl,35
rules_swift,33
rules_jvm_external,32
aspect_rules_js,31
eigen,29
boringssl,28
grpc,28
buildifier_prebuilt,27
re2,26
zstd,24
cmake_configure_file,23
rules_nodejs,23
rules_pkg,22
fmt,20
googleapis,18
curl,17
google_benchmark,17
nlohmann_json,17
rules_apple,17
lz4,16
aspect_tools_telemetry,15
boost.filesystem,15
libx11,15
pybind11_bazel,14
rules_proto_grpc,14
freetype,13
toolchain_utils,13
glib,12
libpng,12
rules_android,12
rules_autoconf,12
rules_foreign_cc,12
rules_gazebo,12
tinyxml2,12
boost.algorithm,11
gflags,11
gz-utils,11
rules_rs,11
bzip2,10
glog,10
rules_perl,10
sqlite3,10
ape,9
bazelrc-preset.bzl,9
boost.iostreams,9
gz-math,9
libjpeg_turbo,9
llvm,9
rules_venv,9
rules_verilog,9
rules_vhdl,9
boost.asio,8
boost.program_options,8
boost.serialization,8
boost.thread,8
gawk,8
googleapis-rules-registry,8
rapidjson,8
readline,8
rules_coreutils,8
stardoc,8
tar.bzl,8
xz,8
aspect_rules_ts,7
boost.config,7
boost.graph,7
boost.lexical_cast,7
boost.optional,7
boost.variant,7
flex,7
folly,7
googleapis-cc,7
hermetic_launcher,7
jq.bzl,7
libxml2,7
mbedtls,7
onetbb,7
rules_erlang,7
rules_m4,7
rules_nasm,7
rules_scala,7
with_cfg.bzl,7
yaml-cpp,7
asio,6
bison,6
boost.core,6
boost.format,6
boost.multiprecision,6
boost.regex,6
boost.smart_ptr,6
brotli,6
gz-common,6
harfbuzz,6
libffi,6
libxext,6
nasm,6
ncurses,6
rules_kotlin,6
rules_multitool,6
rules_webtesting,6
swift_argument_parser,6
abseil-py,5
boost.interprocess,5
boost.iterator,5
boost.math,5
boost.system,5
boost.type_traits,5
download_utils,5
egl-registry,5
fontconfig,5
gmp,5
google_bazel_common,5
grpc-java,5
libexpat,5
libtiff,5
libwebp,5
libxfixes,5
libzmq,5
m4,5
rules_bison,5
rules_cuda,5
spdlog,5
toml.bzl,5
xorgproto,5
aspect_rules_py,4
azure-core-cpp,4
bazel_worker_api,4
boost.bind,4
boost.concept_check,4
boost.container,4
boost.fusion,4
boost.intrusive,4
boost.mpl,4
boost.multi_index,4
boost.numeric_conversion,4
boost.preprocessor,4
boost.property_tree,4
boost.random,4
boost.range,4
boost.spirit,4
boost.test,4
boost.utility,4
c-ares,4
cairo,4
cgrindel_bazel_starlib,4
elfutils,4
glfw,4
googleapis-grpc-cc,4
gz-msgs,4
liburing,4
libuuid,4
libxcb,4
libxrender,4
libyaml,4
pcre2,4
rules_batch,4
sdformat,4
snappy,4
websocketpp,4
alsa_lib,3
aspect_rules_lint,3
bazel_worker_java,3
boost.assert,3
boost.container_hash,3
boost.context,3
boost.conversion,3
boost.coroutine,3
boost.crc,3
boost.dynamic_bitset,3
boost.foreach,3
boost.functional,3
boost.predef,3
boost.property_map,3
boost.signals2,3
boost.sort,3
boost.static_assert,3
boost.uuid,3
coroutines,3
cppzmq,3
cython,3
fizz,3
flatbuffers,3
fribidi,3
gperf,3
gz-plugin,3
highway,3
imgui,3
j2cl,3
libsodium,3
libunwind,3
libxcursor,3
libxi,3
libxrandr,3
llvm-project,3
maliput,3
openfst,3
opengl-registry,3
opentelemetry-cpp,3
pico-sdk,3
protoc-gen-validate,3
rules_buf,3
rules_flex,3
rules_img,3
rules_libusb,3
rules_oci,3
sdl2,3
tcl_lang,3
verilator,3
yams,3
yq.bzl,3
aexml,2
aom,2
aspect_rules_esbuild,2
assimp,2
azure-identity-cpp,2
azure-storage-blobs-cpp,2
blake3,2
boost.array,2
boost.bimap,2
boost.circular_buffer,2
boost.dll,2
boost.endian,2
boost.function,2
boost.function_types,2
boost.geometry,2
boost.heap,2
boost.integer,2
boost.lambda,2
boost.lockfree,2
boost.move,2
boost.multi_array,2
boost.numeric_ublas,2
boost.phoenix,2
boost.polygon,2
boost.pool,2
boost.ptr_container,2
boost.throw_exception,2
boost.timer,2
boost.tokenizer,2
boost.units,2
boost.unordered,2
build_stack_rules_proto,2
buildozer,2
bullet,2
capnp-cpp,2
catch2,2
ccd,2
cdt,2
cel-spec,2
contrib_rules_jvm,2
cpp_toolbelt,2
cpuinfo,2
darts-clone,2
doctest,2
engflowapis,2
fast_float,2
gdk-pixbuf,2
geographiclib,2
ghdl,2
gloop,2
glpk,2
googleapis-go,2
googleapis-java,2
googleapis-python,2
grpc-proto,2
gz-rendering,2
gz-transport,2
happly,2
icu,2
jsinterop_base,2
jsoncpp,2
libaio,2
libbpf,2
libdatrie,2
libdeflate,2
libdwarf,2
libevent,2
libpcap,2
libpfm,2
libxau,2
libxinerama,2
libyuv,2
magic_enum,2
mpfr,2
nanoflann,2
node_addon_api,2
numactl,2
ogg,2
openconfig_gnmi,2
openconfig_gnsi,2
openexr,2
opentelemetry-proto,2
osqp,2
p4runtime,2
pango,2
pathkit,2
picotool,2
prjtrellis,2
prometheus-cpp,2
pugixml,2
pybind11_abseil,2
qhull,2
rabbitmq_seshat,2
rawrtc_common,2
riegeli,2
robin-map,2
rules_android_ndk,2
rules_bzip2,2
rules_closure,2
rules_dotnet,2
rules_fuzzing,2
rules_gzip,2
rules_pycross,2
rules_runfile_codegen_core,2
rules_rust_bindgen,2
rules_rust_wasm_bindgen,2
rules_shellcheck,2
rules_swift_package_manager,2
rules_uv,2
rules_web_testing_java,2
rules_xz,2
rules_zig,2
rules_zstd,2
sed,2
squashfs-tools,2
swift-filename-matcher,2
swig,2
tclap,2
tinyxml,2
wayland,2
xds,2
xkbcommon,2
xxhash,2
yosys,2
z3,2
zlib-ng,2
zstr,2
abc,1
antlr4-cpp-runtime,1
apple_mig,1
apple_rules_lint,1
aws_sdk,1
azure-core-test-cpp,1
azure-storage-common-cpp,1
azure-storage-files-datalake-cpp,1
bazel_bats,1
bazel_jar_jar,1
bazel_linux_packages,1
bazel_skylib_gazelle_plugin,1
behaviortree_cpp,1
bliss,1
boost.accumulators,1
boost.align,1
boost.any,1
boost.assign,1
boost.atomic,1
boost.beast,1
boost.bloom,1
boost.callable_traits,1
boost.charconv,1
boost.chrono,1
boost.cobalt,1
boost.compat,1
boost.compute,1
boost.contract,1
boost.convert,1
boost.coroutine2,1
boost.date_time,1
boost.describe,1
boost.detail,1
boost.exception,1
boost.fiber,1
boost.flyweight,1
boost.gil,1
boost.graph_parallel,1
boost.hana,1
boost.hash2,1
boost.headers,1
boost.histogram,1
boost.hof,1
boost.icl,1
boost.io,1
boost.json,1
boost.lambda2,1
boost.leaf,1
boost.local_function,1
boost.locale,1
boost.log,1
boost.logic,1
boost.metaparse,1
boost.mp11,1
boost.mpi,1
boost.mqtt5,1
boost.msm,1
boost.mysql,1
boost.nowide,1
boost.numeric_interval,1
boost.numeric_odeint,1
boost.openmethod,1
boost.outcome,1
boost.parameter,1
boost.parameter_python,1
boost.parser,1
boost.pfr,1
boost.poly_collection,1
boost.process,1
boost.property_map_parallel,1
boost.proto,1
boost.python,1
boost.qvm,1
boost.ratio,1
boost.rational,1
boost.redis,1
boost.safe_numerics,1
boost.scope,1
boost.scope_exit,1
boost.stacktrace,1
boost.statechart,1
boost.static_string,1
boost.stl_interfaces,1
boost.tti,1
boost.tuple,1
boost.type_erasure,1
boost.type_index,1
boost.typeof,1
boost.url,1
boost.variant2,1
boost.vmd,1
boost.wave,1
boost.winapi,1
boost.xpressive,1
boost.yap,1
c4core,1
cel-cpp,1
cereal,1
civetweb,1
cjson,1
codec2,1
codspeed_core,1
com_github_mvukov_rules_ros2,1
console_bridge,1
cpp-httplib,1
cpp-sqlite,1
cppitertools,1
cpptoml,1
cpu_features,1
crispy-doom,1
cucumber-cpp,1
cuda_toolchain_types,1
cxxopts,1
dartsim,1
dav1d,1
diff.bzl,1
diffutils,1
dtc,1
emsdk,1
envoy_api,1
esaxx,1
fastcdr,1
fbthrift,1
fcl,1
flann,1
foonathan_memory,1
fp16,1
freeimage,1
fxdiv,1
generate_export_header,1
giflib,1
glm,1
glu,1
google_cloud_cpp,1
graphene,1
grpc_ecosystem_grpc_gateway,1
gsl,1
gsm,1
gutil,1
gz-fuel-tools,1
gz-physics,1
gz-sensors,1
helly25_bashtest,1
highs,1
highwayhash,1
imath,1
implot,1
iverilog,1
javacc,1
javaparser,1
jsinterop_generator,1
jsonnet,1
jsonnet_go,1
lame,1
lexy,1
libavif,1
libcap,1
libde265,1
libepoxy,1
libestr,1
libfastjson,1
libfuse,1
libgd,1
libgpiod,1
libheif,1
libjxl,1
libmdnsd,1
libmicrohttpd,1
libpaper,1
libparserutils,1
libprotobuf-mutator,1
librdkafka,1
libssh2,1
libsvtav1,1
libthai,1
libunibreak,1
libusb,1
libuv,1
libvpx,1
libwebm,1
libxcrypt,1
libxdamage,1
libxtrans,1
libzip,1
lodepng,1
lua,1
lunasvg,1
lz4-erlang,1
make,1
maliput_sparse,1
marchingcubecpp,1
marisa-trie,1
mboworks_bashtest,1
mboworks_bzl,1
minicoro,1
minitrace,1
miniz,1
mvfst,1
ninja,1
nvc,1
octomap,1
ode,1
ofiuco,1
ogre-next,1
open62541,1
openblas,1
opencensus-cpp,1
opencensus-proto,1
opencl-sdk,1
openconfig_attestz,1
openconfig_bootz,1
opencv,1
openjpeg,1
openjph,1
openmp,1
opentracing-cpp,1
openvdb,1
opus,1
p4c,1
paho.mqtt.c,1
pahole,1
patchelf,1
pixman,1
pkgconf,1
pplib,1
pre-commit,1
prjoxide,1
prjoxide-db,1
prjtrellis-db,1
proto-converter,1
protobuf-matchers,1
protovalidate,1
pybind11_protobuf,1
pypackaging.bzl,1
qdldl,1
ragel,1
range-v3,1
rapidyaml,1
rav1e,1
rawrtc_data_channel,1
rawrtc_re,1
rawrtc_rew,1
rawrtc_usrsctp,1
re.bzl,1
readerwriterqueue,1
rsync,1
rtipc,1
rules_ada,1
rules_d,1
rules_dart,1
rules_diff,1
rules_graalvm,1
rules_ios,1
rules_multirun,1
rules_nixpkgs_core,1
rules_node_addon,1
rules_platform,1
rules_proto_grpc_go,1
rules_proto_grpc_java,1
rules_python_gazelle_plugin,1
rules_qt,1
rules_req_compile,1
rules_robolectric,1
rules_runfiles_group,1
rules_rust_prost,1
rules_rust_pyo3,1
rules_sh,1
rules_testing,1
rules_verible,1
rules_verilator,1
rules_xcodeproj,1
scip,1
sdl2_mixer,1
sha256.bzl,1
shine,1
skcms,1
skywalking-data-collect-protocol,1
soplex,1
sourcekitten,1
sparse_map,1
speex,1
spirv_headers,1
suitesparse,1
supply-chain-go,1
swift-index-store,1
swift-syntax,1
swift-system,1
swxmlhash,1
systemc,1
systemd,1
tcmalloc,1
teckit,1
texlive-texmf,1
thrax,1
thrift,1
tink_cc,1
tinyobjloader,1
toolchains_llvm,1
toolchains_protoc,1
tree-sitter-bazel,1
trlc,1
twolame,1
urdfdom_headers,1
userspace_rcu,1
version_utils,1
vorbis,1
vulkan_headers,1
wangle,1
windows_support,1
x264,1
x265,1
xcb-proto,1
xcodeproj,1
xctestrunner,1
xml.bzl,1
xpdf,1
xsimd,1
xtl,1
xvidcore,1
xxd,1
yaml.bzl,1
yyjson,1
zenlib,1
zenoh-c,1
zenoh-pico,1
zip,1
zipkin-api,1
zopfli,1
zstd-jni,1
zziplib,1
